Time,Time Code,Country Name,Country Code,Bank nonperforming loans to total gross loans (%) [FB.AST.NPER.ZS],Account ownership at a financial institution or with a mobile-money-service provider (% of population ages 15+) [FX.OWN.TOTL.ZS],Individuals using the Internet (% of population) [IT.NET.USER.ZS],Secure Internet servers (per 1 million people) [IT.NET.SECR.P6],"Personal remittances, received (% of GDP) [BX.TRF.PWKR.DT.GD.ZS]"
2000,YR2000,Argentina,ARG,..,..,7.04,..,0.030380900529948
2000,YR2000,Australia,AUS,..,..,46.8,..,0.124549288549643
2000,YR2000,Brazil,BRA,..,..,2.87,..,0.205903522832894
2000,YR2000,China,CHN,..,..,1.78,..,0.0619472075354708
2000,YR2000,France,FRA,..,..,14.3,..,0.651713325235688
2000,YR2000,Germany,DEU,..,..,30.2,..,0.183199701056683
2000,YR2000,India,IND,..,..,0.528,..,2.75055276181012
2000,YR2000,Indonesia,IDN,..,..,0.926,..,0.721241486168322
2000,YR2000,Italy,ITA,..,..,23.1,..,0.155654688762869
2000,YR2000,Japan,JPN,..,..,30,..,0.015566642799602
2000,YR2000,"Korea, Rep.",KOR,..,..,44.7,..,0.785085356336314
2000,YR2000,Mexico,MEX,..,..,5.08,..,1.01403249008326
2000,YR2000,Netherlands,NLD,..,..,44,..,0.101952272405984
2000,YR2000,Russian Federation,RUS,..,..,1.98,..,0.192503071220407
2000,YR2000,Saudi Arabia,SAU,..,..,2.21,..,..
2000,YR2000,Spain,ESP,..,..,13.6,..,0.108451188087558
2000,YR2000,Switzerland,CHE,..,..,47.1,..,0.356330951245477
2000,YR2000,Turkiye,TUR,..,..,3.76,..,1.66244600327906
2000,YR2000,United Kingdom,GBR,..,..,26.8,..,0.304669056393497
2000,YR2000,United States,USA,..,..,43.1,..,0.0428740667208275
2000,YR2000,"Egypt, Arab Rep.",EGY,..,..,0.641,..,2.85661217289033
2000,YR2000,El Salvador,SLV,..,..,1.18,..,14.9699688017602
2000,YR2000,Haiti,HTI,..,..,0.231,..,8.48307613976286
2000,YR2000,Nigeria,NGA,..,..,0.0641,..,2.01213945839382
2000,YR2000,Pakistan,PAK,..,..,..,..,1.08056705613903
2000,YR2000,Philippines,PHL,..,..,1.98,..,8.27538844583698
2000,YR2000,Viet Nam,VNM,..,..,0.254,..,4.29865814068281
2000,YR2000,Low income,LIC,..,..,..,..,3.51535703697712
2000,YR2000,Low & middle income,LMY,..,..,..,..,1.33770203789033
2000,YR2000,Lower middle income,LMC,..,..,..,..,3.41277600501802
2000,YR2000,High income,HIC,..,..,..,..,0.178237880282516
2000,YR2000,South Asia,SAS,..,..,..,..,2.96187792260421
2000,YR2000,Middle income,MIC,..,..,..,..,1.3078049408171
2000,YR2000,East Asia & Pacific (excluding high income),EAP,..,..,..,..,0.720246317475494
2000,YR2000,East Asia & Pacific,EAS,..,..,..,..,0.23627242463606
2001,YR2001,Argentina,ARG,..,..,9.78,..,0.0705628184933387
2001,YR2001,Australia,AUS,..,..,52.7,..,0.128215784102062
2001,YR2001,Brazil,BRA,..,..,4.53,..,0.2587422042289
2001,YR2001,China,CHN,..,..,2.64,..,0.0892226828926873
2001,YR2001,France,FRA,..,..,26.3,..,0.670927949265034
2001,YR2001,Germany,DEU,..,..,31.7,..,0.197471735665222
2001,YR2001,India,IND,..,..,0.66,..,2.94022220760942
2001,YR2001,Indonesia,IDN,..,..,2.02,..,0.651928886426835
2001,YR2001,Italy,ITA,..,..,27.2,..,0.164878393941744
2001,YR2001,Japan,JPN,..,..,38.5,..,0.0285629435581755
2001,YR2001,"Korea, Rep.",KOR,..,..,56.6,..,0.824641324457976
2001,YR2001,Mexico,MEX,..,..,7.04,..,1.27455273359175
2001,YR2001,Netherlands,NLD,..,..,49.4,..,0.11161144671219
2001,YR2001,Russian Federation,RUS,..,..,2.94,..,0.32172320232662
2001,YR2001,Saudi Arabia,SAU,..,..,4.68,..,..
2001,YR2001,Spain,ESP,..,..,18.1,..,0.111445903174443
2001,YR2001,Switzerland,CHE,..,..,55.1,..,0.410366082581892
2001,YR2001,Turkiye,TUR,..,..,5.19,..,1.38089559528671
2001,YR2001,United Kingdom,GBR,..,..,33.5,..,0.300370686395866
2001,YR2001,United States,USA,..,..,49.1,..,0.0426481787961344
2001,YR2001,"Egypt, Arab Rep.",EGY,..,..,0.839,..,3.01123334262615
2001,YR2001,El Salvador,SLV,..,..,1.5,..,15.6669630441719
2001,YR2001,Haiti,HTI,..,..,0.341,..,9.84811943299703
2001,YR2001,Nigeria,NGA,..,..,0.0899,..,1.58598267287779
2001,YR2001,Pakistan,PAK,..,..,1.32,..,1.50392783829178
2001,YR2001,Philippines,PHL,..,..,2.52,..,11.0996743274612
2001,YR2001,Viet Nam,VNM,..,..,1.27,..,3.365437690751
2001,YR2001,Low income,LIC,..,..,..,..,3.55164170871185
2001,YR2001,Low & middle income,LMY,..,..,..,..,1.46181146338823
2001,YR2001,Lower middle income,LMC,..,..,..,..,3.76429244190907
2001,YR2001,High income,HIC,..,..,..,..,0.191141014080746
2001,YR2001,South Asia,SAS,..,..,..,..,3.14846155199458
2001,YR2001,Middle income,MIC,..,..,..,..,1.43083105502613
2001,YR2001,East Asia & Pacific (excluding high income),EAP,..,..,..,..,0.763535728276175
2001,YR2001,East Asia & Pacific,EAS,..,..,..,..,0.281972194188267
2002,YR2002,Argentina,ARG,..,..,10.9,..,0.211442420500352
2002,YR2002,Australia,AUS,..,..,..,..,0.117669488459505
2002,YR2002,Brazil,BRA,..,..,9.15,..,0.393057978948569
2002,YR2002,China,CHN,..,..,4.6,..,0.157943091440011
2002,YR2002,France,FRA,..,..,30.2,..,0.710206534081964
2002,YR2002,Germany,DEU,..,..,48.8,..,0.221354270252291
2002,YR2002,India,IND,..,..,1.54,..,3.05584389568309
2002,YR2002,Indonesia,IDN,..,..,2.13,..,0.643419007825212
2002,YR2002,Italy,ITA,..,..,28,..,0.177310604969293
2002,YR2002,Japan,JPN,..,..,46.6,..,0.026940198623711
2002,YR2002,"Korea, Rep.",KOR,..,..,59.4,..,0.818624966322022
2002,YR2002,Mexico,MEX,..,..,11.9,..,1.36054139637086
2002,YR2002,Netherlands,NLD,..,..,61.3,..,0.10180595792464
2002,YR2002,Russian Federation,RUS,..,..,4.13,..,0.270929070680024
2002,YR2002,Saudi Arabia,SAU,..,..,6.38,..,..
2002,YR2002,Spain,ESP,..,..,20.4,..,0.10513230384977
2002,YR2002,Switzerland,CHE,..,..,61.4,..,0.396189801958927
2002,YR2002,Turkiye,TUR,..,..,11.4,..,0.805830376334883
2002,YR2002,United Kingdom,GBR,..,..,56.5,..,0.293161418503394
2002,YR2002,United States,USA,..,..,58.8,..,0.0418149404324671
2002,YR2002,"Egypt, Arab Rep.",EGY,..,..,2.72,..,3.39780812879388
2002,YR2002,El Salvador,SLV,..,..,1.9,..,15.4182774717149
2002,YR2002,Haiti,HTI,..,..,0.893,..,10.8874739699598
2002,YR2002,Nigeria,NGA,..,..,0.32,..,1.27186423864257
2002,YR2002,Pakistan,PAK,..,..,2.58,..,3.62937104656209
2002,YR2002,Philippines,PHL,..,..,4.33,..,11.5470364978462
2002,YR2002,Viet Nam,VNM,..,..,1.86,..,5.04789720062267
2002,YR2002,Low income,LIC,..,..,..,..,3.69743947597982
2002,YR2002,Low & middle income,LMY,..,..,..,..,1.69838227865634
2002,YR2002,Lower middle income,LMC,..,..,..,..,4.2849572319436
2002,YR2002,High income,HIC,..,..,..,..,0.203589327438743
2002,YR2002,South Asia,SAS,..,..,..,..,3.46800019137299
2002,YR2002,Middle income,MIC,..,..,..,..,1.66621627684456
2002,YR2002,East Asia & Pacific (excluding high income),EAP,..,..,..,..,0.847226245966315
2002,YR2002,East Asia & Pacific,EAS,..,..,..,..,0.337006305776731
2003,YR2003,Argentina,ARG,..,..,11.9,..,0.214300874545602
2003,YR2003,Australia,AUS,..,..,..,..,0.139302481493353
2003,YR2003,Brazil,BRA,..,..,13.2,..,0.409627690516944
2003,YR2003,China,CHN,..,..,6.2,..,0.274679180387674
2003,YR2003,France,FRA,..,..,36.1,..,0.66654584194346
2003,YR2003,Germany,DEU,..,..,55.9,..,0.226786723237266
2003,YR2003,India,IND,..,..,1.69,..,3.45550884243655
2003,YR2003,Indonesia,IDN,..,..,2.39,..,0.634107308351031
2003,YR2003,Italy,ITA,..,..,29,..,0.19098714450099
2003,YR2003,Japan,JPN,..,..,48.4,..,0.0179473405667154
2003,YR2003,"Korea, Rep.",KOR,..,..,65.5,..,0.836071694880966
2003,YR2003,Mexico,MEX,..,..,12.9,..,2.17538855849346
2003,YR2003,Netherlands,NLD,..,..,64.4,..,0.192410855636348
2003,YR2003,Russian Federation,RUS,..,..,8.3,..,0.258790908871147
2003,YR2003,Saudi Arabia,SAU,..,..,8,..,..
2003,YR2003,Spain,ESP,..,..,39.9,..,0.0991592980789023
2003,YR2003,Switzerland,CHE,..,..,65.1,..,0.423473893410424
2003,YR2003,Turkiye,TUR,..,..,12.3,..,0.231726084072861
2003,YR2003,United Kingdom,GBR,..,..,64.8,..,0.276893445027936
2003,YR2003,United States,USA,..,..,61.7,..,0.0407805210165453
2003,YR2003,"Egypt, Arab Rep.",EGY,..,..,4.04,..,3.68782754491018
2003,YR2003,El Salvador,SLV,..,..,2.5,..,16.0171947035328
2003,YR2003,Haiti,HTI,..,..,1.65,..,15.9899122044632
2003,YR2003,Nigeria,NGA,..,..,0.559,..,1.01473305380443
2003,YR2003,Pakistan,PAK,..,..,5.04,..,3.52757185317913
2003,YR2003,Philippines,PHL,..,..,4.86,..,11.7636795721571
2003,YR2003,Viet Nam,VNM,..,..,3.78,..,5.30939712398707
2003,YR2003,Low income,LIC,..,..,..,..,4.26038297349938
2003,YR2003,Low & middle income,LMY,..,..,..,..,1.8850946199468
2003,YR2003,Lower middle income,LMC,..,..,..,..,4.52045192156444
2003,YR2003,High income,HIC,..,..,..,..,0.217675498494904
2003,YR2003,South Asia,SAS,..,..,..,..,3.80153559673745
2003,YR2003,Middle income,MIC,..,..,..,..,1.84678205372719
2003,YR2003,East Asia & Pacific (excluding high income),EAP,..,..,..,..,0.907080635350959
2003,YR2003,East Asia & Pacific,EAS,..,..,..,..,0.360889424214276
2004,YR2004,Argentina,ARG,..,..,16,..,0.189350126740114
2004,YR2004,Australia,AUS,..,..,..,..,0.134176476084307
2004,YR2004,Brazil,BRA,..,..,19.1,..,0.420223881591128
2004,YR2004,China,CHN,..,..,7.3,..,0.33470576160415
2004,YR2004,France,FRA,..,..,39.2,..,0.632413634038753
2004,YR2004,Germany,DEU,..,..,64.7,..,0.228429725246083
2004,YR2004,India,IND,..,..,1.98,..,2.64405343790174
2004,YR2004,Indonesia,IDN,..,..,2.6,..,0.726653829373429
2004,YR2004,Italy,ITA,..,..,33.2,..,0.20348274465187
2004,YR2004,Japan,JPN,..,..,62.4,..,0.0158094496467218
2004,YR2004,"Korea, Rep.",KOR,..,..,72.7,..,0.748283266050166
2004,YR2004,Mexico,MEX,..,..,14.1,..,2.42376280545687
2004,YR2004,Netherlands,NLD,..,..,68.5,..,0.19634500970701
2004,YR2004,Russian Federation,RUS,..,..,12.9,..,0.373382010119783
2004,YR2004,Saudi Arabia,SAU,..,..,10.2,..,..
2004,YR2004,Spain,ESP,..,..,44,..,0.094527714370106
2004,YR2004,Switzerland,CHE,..,..,67.8,..,0.419730553539345
2004,YR2004,Turkiye,TUR,..,..,14.6,..,0.196641716460777
2004,YR2004,United Kingdom,GBR,..,..,65.6,..,0.245229660511519
2004,YR2004,United States,USA,..,..,64.8,..,0.0387486621316381
2004,YR2004,"Egypt, Arab Rep.",EGY,..,..,11.9,..,4.24041046775191
2004,YR2004,El Salvador,SLV,..,..,3.2,..,18.6742099302803
2004,YR2004,Haiti,HTI,..,..,5.4,..,15.302855347524
2004,YR2004,Nigeria,NGA,..,..,1.29,..,1.67402423263252
2004,YR2004,Pakistan,PAK,..,..,6.16,..,2.98375276643631
2004,YR2004,Philippines,PHL,..,..,5.24,..,12.0713248541975
2004,YR2004,Viet Nam,VNM,..,..,7.64,..,5.08498588717851
2004,YR2004,Low income,LIC,..,..,..,..,3.8279371650764
2004,YR2004,Low & middle income,LMY,..,..,..,..,1.82412414583872
2004,YR2004,Lower middle income,LMC,..,..,..,..,4.2162677794248
2004,YR2004,High income,HIC,..,..,..,..,0.227321541405628
2004,YR2004,South Asia,SAS,..,..,..,..,3.07850723025477
2004,YR2004,Middle income,MIC,..,..,..,..,1.79139552633371
2004,YR2004,East Asia & Pacific (excluding high income),EAP,..,..,..,..,0.939554178781614
2004,YR2004,East Asia & Pacific,EAS,..,..,..,..,0.372777442844784
2005,YR2005,Argentina,ARG,5.18084337444251,..,17.7,..,0.217417890692876
2005,YR2005,Australia,AUS,0.564453032698765,..,63,..,0.135175703019256
2005,YR2005,Brazil,BRA,3.52553179140661,..,21,..,0.314631171954278
2005,YR2005,China,CHN,..,..,8.52,..,0.143990850692326
2005,YR2005,France,FRA,..,..,42.9,..,0.647998530252596
2005,YR2005,Germany,DEU,..,..,68.7,..,0.27004434256117
2005,YR2005,India,IND,4.40178559448821,..,2.39,..,2.69691947410043
2005,YR2005,Indonesia,IDN,6.25246820199786,..,3.6,..,1.89584318278586
2005,YR2005,Italy,ITA,6.99617313682385,..,35,..,0.219387168782742
2005,YR2005,Japan,JPN,..,..,66.9,..,0.0187309824125514
2005,YR2005,"Korea, Rep.",KOR,..,..,73.5,..,0.556251368135161
2005,YR2005,Mexico,MEX,1.81638248738848,..,17.2,..,2.47848065854808
2005,YR2005,Netherlands,NLD,..,..,81,..,0.182920874113933
2005,YR2005,Russian Federation,RUS,..,..,15.2,..,0.449802113997943
2005,YR2005,Saudi Arabia,SAU,..,..,12.7,..,0.0285778415860194
2005,YR2005,Spain,ESP,..,..,47.9,..,0.0983220581478724
2005,YR2005,Switzerland,CHE,1.23094696053995,..,70.1,..,0.411556215775262
2005,YR2005,Turkiye,TUR,4.31589850311115,..,15.5,..,0.270187682143217
2005,YR2005,United Kingdom,GBR,0.993470630559824,..,70,..,0.237701070327831
2005,YR2005,United States,USA,..,..,68,..,0.0367737369103327
2005,YR2005,"Egypt, Arab Rep.",EGY,..,..,12.8,..,5.59589671309192
2005,YR2005,El Salvador,SLV,..,..,4.2,..,20.6055245611648
2005,YR2005,Haiti,HTI,..,..,6.38,..,14.0274963951975
2005,YR2005,Nigeria,NGA,..,..,3.55,..,8.33382866137298
2005,YR2005,Pakistan,PAK,..,..,6.33,..,2.94748457854817
2005,YR2005,Philippines,PHL,..,..,5.4,..,12.7839886627031
2005,YR2005,Viet Nam,VNM,..,..,12.7,..,5.46559440318446
2005,YR2005,Low income,LIC,..,..,0.8,..,2.245797815168
2005,YR2005,Low & middle income,LMY,..,..,..,..,1.84456727042545
2005,YR2005,Lower middle income,LMC,..,..,3.7,..,4.8630365806103
2005,YR2005,High income,HIC,..,..,53,..,0.234445017760616
2005,YR2005,South Asia,SAS,..,..,..,..,3.20516893701547
2005,YR2005,Middle income,MIC,..,..,..,..,1.83654764548459
2005,YR2005,East Asia & Pacific (excluding high income),EAP,..,..,..,..,0.918826635693951
2005,YR2005,East Asia & Pacific,EAS,..,..,..,..,0.374206816281495
2006,YR2006,Argentina,ARG,3.3907141955962,..,20.9,..,0.232474118424109
2006,YR2006,Australia,AUS,0.574013140486956,..,66,..,0.135598299847293
2006,YR2006,Brazil,BRA,3.46066404520994,..,28.2,..,0.296775300792405
2006,YR2006,China,CHN,..,..,10.5,..,0.154737416153914
2006,YR2006,France,FRA,..,..,46.9,..,0.670240105055682
2006,YR2006,Germany,DEU,..,..,72.2,..,0.283746177205955
2006,YR2006,India,IND,..,..,2.81,..,3.01338413110281
2006,YR2006,Indonesia,IDN,5.15545411942603,..,4.76,..,1.56961610211313
2006,YR2006,Italy,ITA,6.56811457626493,..,38,..,0.208102936124749
2006,YR2006,Japan,JPN,..,..,68.7,..,0.0255774585995197
2006,YR2006,"Korea, Rep.",KOR,..,..,78.1,..,0.460446462117449
2006,YR2006,Mexico,MEX,1.9944212361405,..,19.5,..,2.60156038099559
2006,YR2006,Netherlands,NLD,..,..,83.7,..,0.21050031098139
2006,YR2006,Russian Federation,RUS,..,..,18,..,0.385923449755519
2006,YR2006,Saudi Arabia,SAU,..,..,19.5,..,0.0280180319959532
2006,YR2006,Spain,ESP,..,..,50.4,..,0.101561889249189
2006,YR2006,Switzerland,CHE,0.907507444103247,..,75.7,..,0.406485275152795
2006,YR2006,Turkiye,TUR,3.58098683705457,..,18.2,..,0.329039391548568
2006,YR2006,United Kingdom,GBR,..,..,68.8,..,0.225432452570796
2006,YR2006,United States,USA,..,..,68.9,..,0.0366832148885791
2006,YR2006,"Egypt, Arab Rep.",EGY,..,..,13.7,..,4.96108547838757
2006,YR2006,El Salvador,SLV,..,..,5.5,..,21.7670246482945
2006,YR2006,Haiti,HTI,..,..,6.8,..,13.9141942528881
2006,YR2006,Nigeria,NGA,..,..,5.55,..,7.10077133215677
2006,YR2006,Pakistan,PAK,..,..,6.5,..,3.16362276382615
2006,YR2006,Philippines,PHL,..,..,5.74,..,12.1392347971869
2006,YR2006,Viet Nam,VNM,..,..,17.3,..,5.7253347651816
2006,YR2006,Low income,LIC,..,..,1.1,..,2.13138613378777
2006,YR2006,Low & middle income,LMY,..,..,..,..,1.84658711383652
2006,YR2006,Lower middle income,LMC,..,..,4.6,..,4.9462236700236
2006,YR2006,High income,HIC,..,..,55.8,..,0.247454084219786
2006,YR2006,South Asia,SAS,..,..,..,..,3.55416833995016
2006,YR2006,Middle income,MIC,..,..,..,..,1.84098723861954
2006,YR2006,East Asia & Pacific (excluding high income),EAP,..,..,..,..,0.871533250517203
2006,YR2006,East Asia & Pacific,EAS,..,..,..,..,0.391689320435479
2007,YR2007,Argentina,ARG,2.72684750122498,..,25.9,..,0.210933764847302
2007,YR2007,Australia,AUS,0.559225604529488,..,69.5,..,0.156940340446703
2007,YR2007,Brazil,BRA,2.98260391267765,..,30.9,..,0.236608669672595
2007,YR2007,China,CHN,..,..,16,..,0.189595556743322
2007,YR2007,France,FRA,..,..,66.1,..,0.662184813670997
2007,YR2007,Germany,DEU,..,..,75.2,..,0.321323920482564
2007,YR2007,India,IND,..,..,3.95,..,3.05873598319172
2007,YR2007,Indonesia,IDN,3.69085921286511,..,5.79,..,1.42852866637853
2007,YR2007,Italy,ITA,5.7776082194137,..,40.8,..,0.206757775023256
2007,YR2007,Japan,JPN,..,..,74.3,..,0.0302184697056711
2007,YR2007,"Korea, Rep.",KOR,..,..,78.8,..,0.439607545156738
2007,YR2007,Mexico,MEX,2.5413127799359,..,20.8,..,2.49619834709178
2007,YR2007,Netherlands,NLD,..,..,85.8,..,0.190999691333568
2007,YR2007,Russian Federation,RUS,..,..,24.7,..,0.359030354019774
2007,YR2007,Saudi Arabia,SAU,..,..,30,..,0.0296820194500951
2007,YR2007,Spain,ESP,..,..,55.1,..,0.113524548570555
2007,YR2007,Switzerland,CHE,0.742070155737349,..,77.2,..,0.365899378774566
2007,YR2007,Turkiye,TUR,3.3213977793724,..,28.6,..,0.307637606593518
2007,YR2007,United Kingdom,GBR,..,..,75.1,..,0.21214412276564
2007,YR2007,United States,USA,..,..,75,..,0.0360571907531096
2007,YR2007,"Egypt, Arab Rep.",EGY,..,..,16,..,5.86930961331901
2007,YR2007,El Salvador,SLV,..,..,6.11,..,21.8028715446677
2007,YR2007,Haiti,HTI,..,..,7.2,..,13.2423552723956
2007,YR2007,Nigeria,NGA,9.50262123548539,..,6.77,..,6.47393659368402
2007,YR2007,Pakistan,PAK,..,..,6.8,..,3.25728883548923
2007,YR2007,Philippines,PHL,..,..,5.97,..,10.538140162174
2007,YR2007,Viet Nam,VNM,..,..,20.8,..,7.98300827980163
2007,YR2007,Low income,LIC,..,..,2.1,..,2.11617310722967
2007,YR2007,Low & middle income,LMY,..,..,..,..,1.81046650163755
2007,YR2007,Lower middle income,LMC,..,..,5.7,..,4.89988160001091
2007,YR2007,High income,HIC,..,..,61.4,..,0.265146567124734
2007,YR2007,South Asia,SAS,..,..,..,..,3.57867344157131
2007,YR2007,Middle income,MIC,..,..,..,..,1.80455930418315
2007,YR2007,East Asia & Pacific (excluding high income),EAP,..,..,..,..,0.830562566869798
2007,YR2007,East Asia & Pacific,EAS,..,..,..,..,0.413906349569022
2008,YR2008,Argentina,ARG,2.67920601141364,..,28.1,..,0.195029381449765
2008,YR2008,Australia,AUS,1.35526208847002,..,71.7,..,0.144494573497942
2008,YR2008,Brazil,BRA,3.10639256827815,..,33.8,..,0.214793412211116
2008,YR2008,China,CHN,..,..,22.6,..,0.195754634183571
2008,YR2008,France,FRA,3.24235571721792,..,70.7,..,0.686267457136122
2008,YR2008,Germany,DEU,..,..,78,..,0.346867449514977
2008,YR2008,India,IND,2.44971206075607,..,4.38,..,4.16861118961249
2008,YR2008,Indonesia,IDN,2.87020628006279,..,7.92,..,1.33159930027812
2008,YR2008,Italy,ITA,6.28258103994627,..,44.5,..,0.304231120863264
2008,YR2008,Japan,JPN,..,..,75.4,..,0.0339237865439651
2008,YR2008,"Korea, Rep.",KOR,..,..,81,..,0.666269463074735
2008,YR2008,Mexico,MEX,3.20802543521284,..,21.7,..,2.33150871646991
2008,YR2008,Netherlands,NLD,1.68139773681757,..,87.4,..,0.172157501817802
2008,YR2008,Russian Federation,RUS,3.81172366116838,..,32,..,0.34542413264832
2008,YR2008,Saudi Arabia,SAU,..,..,36,..,0.0415906113055461
2008,YR2008,Spain,ESP,..,..,59.6,..,0.112484390716134
2008,YR2008,Switzerland,CHE,0.886250842943545,..,79.2,..,0.390420375099495
2008,YR2008,Turkiye,TUR,3.44167340058132,..,34.4,..,0.316568595637429
2008,YR2008,United Kingdom,GBR,1.55697368984839,..,78.4,..,0.204652033511041
2008,YR2008,United States,USA,..,..,74,..,0.0363171978180974
2008,YR2008,"Egypt, Arab Rep.",EGY,..,..,18,..,5.33969849246231
2008,YR2008,El Salvador,SLV,2.738614252864,..,10.1,..,20.8749261267512
2008,YR2008,Haiti,HTI,..,..,7.6,..,13.1290988116484
2008,YR2008,Nigeria,NGA,7.19359013817042,..,8,..,5.65576312074648
2008,YR2008,Pakistan,PAK,..,..,7,..,3.48114218915231
2008,YR2008,Philippines,PHL,..,..,6.22,..,10.3789187625683
2008,YR2008,Viet Nam,VNM,2.15099820496032,..,23.9,..,6.86369325892131
2008,YR2008,Low income,LIC,..,..,2.5,..,2.20995024194493
2008,YR2008,Low & middle income,LMY,..,..,..,..,1.77761710870968
2008,YR2008,Lower middle income,LMC,..,..,6.6,..,5.39611166447948
2008,YR2008,High income,HIC,..,..,64.1,..,0.285754746237762
2008,YR2008,South Asia,SAS,..,..,..,..,4.79295495713176
2008,YR2008,Middle income,MIC,..,..,..,..,1.76883311801676
2008,YR2008,East Asia & Pacific (excluding high income),EAP,..,..,..,..,0.755540452621952
2008,YR2008,East Asia & Pacific,EAS,..,..,..,..,0.419188719393015
2009,YR2009,Argentina,ARG,2.98195821294241,..,34,..,0.188764794272549
2009,YR2009,Australia,AUS,2.01806458457878,..,74.3,..,0.143701914622302
2009,YR2009,Brazil,BRA,4.21499469701351,..,39.2,..,0.173315277293489
2009,YR2009,China,CHN,..,..,28.9,..,0.177461277719091
2009,YR2009,France,FRA,4.58399416878334,..,71.6,..,0.728326574860677
2009,YR2009,Germany,DEU,..,..,79,..,0.395088168353796
2009,YR2009,India,IND,..,..,5.12,..,3.6667673744297
2009,YR2009,Indonesia,IDN,2.89219586768057,..,6.92,..,1.2589247567833
2009,YR2009,Italy,ITA,9.4463437392788,..,48.8,..,0.318684801967411
2009,YR2009,Japan,JPN,..,..,78,..,0.0301452736960298
2009,YR2009,"Korea, Rep.",KOR,0.584500588542436,..,81.6,..,0.635579388005635
2009,YR2009,Mexico,MEX,3.06903578149087,..,26.3,..,2.42656562220423
2009,YR2009,Netherlands,NLD,3.20168767980185,..,89.6,..,0.319631419729031
2009,YR2009,Russian Federation,RUS,9.58055783170298,..,42.6,..,0.417541988221401
2009,YR2009,Saudi Arabia,SAU,3.28697148338663,..,38,..,0.0499652915232391
2009,YR2009,Spain,ESP,..,..,62.4,..,0.101868991701464
2009,YR2009,Switzerland,CHE,1.01055452256895,..,81.3,..,0.422512547224656
2009,YR2009,Turkiye,TUR,4.96997625418198,..,36.4,..,0.282462675795804
2009,YR2009,United Kingdom,GBR,3.50865701820859,..,83.6,..,0.217295048291137
2009,YR2009,United States,USA,4.95990413551278,..,71,..,0.0396461765234268
2009,YR2009,"Egypt, Arab Rep.",EGY,..,..,20,..,3.7799170984456
2009,YR2009,El Salvador,SLV,3.59769335441226,..,12.1,..,19.3296980618829
2009,YR2009,Haiti,HTI,..,..,8.1,..,11.8612273498359
2009,YR2009,Nigeria,NGA,37.2532872694237,..,9.3,..,6.22720227712386
2009,YR2009,Pakistan,PAK,..,..,7.5,..,4.65309230234024
2009,YR2009,Philippines,PHL,3.46095790428879,..,9,..,11.3422561884615
2009,YR2009,Viet Nam,VNM,1.79656609383679,..,26.6,..,5.67657343303365
2009,YR2009,Low income,LIC,..,..,3.1,..,2.1621547811664
2009,YR2009,Low & middle income,LMY,..,..,..,..,1.71460072748344
2009,YR2009,Lower middle income,LMC,..,..,7.8,..,5.14483409203763
2009,YR2009,High income,HIC,..,..,66.5,..,0.289807474704797
2009,YR2009,South Asia,SAS,..,..,..,..,4.39492297236966
2009,YR2009,Middle income,MIC,..,..,..,..,1.70574649851097
2009,YR2009,East Asia & Pacific (excluding high income),EAP,..,..,..,..,0.729138945726655
2009,YR2009,East Asia & Pacific,EAS,..,..,..,..,0.410933942875968
2010,YR2010,Argentina,ARG,1.84399576317014,..,45,24.8978570259452,0.152091367663287
2010,YR2010,Australia,AUS,2.14856125999861,..,76,1402.79369546223,0.16229201875557
2010,YR2010,Brazil,BRA,3.10772417173934,..,40.7,28.5438561636627,0.13956669623869
2010,YR2010,China,CHN,1.13237045139299,..,34.3,1.19906855397864,0.220200211357557
2010,YR2010,France,FRA,4.3272048253125,..,77.3,278.057105310965,0.751947414384748
2010,YR2010,Germany,DEU,..,..,82,1049.31794333683,0.410426882224041
2010,YR2010,India,IND,..,..,7.5,1.65744314967584,3.19166058450459
2010,YR2010,Indonesia,IDN,2.31233314887669,..,10.9,1.60776063133544,0.915919028544745
2010,YR2010,Italy,ITA,10.0278370674613,..,53.7,125.912314710843,0.37181213331905
2010,YR2010,Japan,JPN,2.45650253168859,..,78.2,552.900757398298,0.0292489662024517
2010,YR2010,"Korea, Rep.",KOR,0.588001422921593,..,83.7,175.323492831432,0.511833704568659
2010,YR2010,Mexico,MEX,2.32838597424659,..,31.1,13.4742784517288,2.05963610291329
2010,YR2010,Netherlands,NLD,2.83234869790716,..,90.7,2084.81363728119,0.326016359160293
2010,YR2010,Russian Federation,RUS,8.30661167313489,..,49,17.0949184073965,0.344282408841521
2010,YR2010,Saudi Arabia,SAU,2.96818471895203,..,41,14.9717536390015,0.044770287230573
2010,YR2010,Spain,ESP,..,..,65.8,207.055442100404,0.111762374022716
2010,YR2010,Switzerland,CHE,0.84498358262328,..,83.9,1449.6015225225,0.416568138013312
2010,YR2010,Turkiye,TUR,3.48959158482402,..,39.8,85.3816848424609,0.234115396990831
2010,YR2010,United Kingdom,GBR,3.95483378788783,..,85,1315.40196727977,0.199213013211648
2010,YR2010,United States,USA,4.38774309355536,..,71.7,2481.3058353974,0.0394046875364435
2010,YR2010,"Egypt, Arab Rep.",EGY,..,..,21.6,2.29830748600678,5.68677117520305
2010,YR2010,El Salvador,SLV,3.82773614018999,..,15.9,13.8425433761864,18.8196648675298
2010,YR2010,Haiti,HTI,..,..,8.37,0.204013059283951,12.4274041426186
2010,YR2010,Nigeria,NGA,20.1430996066243,..,11.5,0.612087335069317,5.38018273530323
2010,YR2010,Pakistan,PAK,..,..,8,0.532024227158645,4.92604271661375
2010,YR2010,Philippines,PHL,3.34951747323682,..,25,4.92022156567367,10.3454184113586
2010,YR2010,Viet Nam,VNM,2.09259938242001,..,30.7,2.30975529034585,5.14194271391537
2010,YR2010,Low income,LIC,..,..,3.7,0.280389440919432,2.4101026070927
2010,YR2010,Low & middle income,LMY,..,..,..,5.01422338558114,1.56195751806385
2010,YR2010,Lower middle income,LMC,..,..,10.4,1.56140660120645,4.80251504936646
2010,YR2010,High income,HIC,..,..,69.1,952.302465672742,0.274458390119658
2010,YR2010,South Asia,SAS,..,..,..,1.52044993746951,3.84681735834237
2010,YR2010,Middle income,MIC,..,..,..,5.39658532062482,1.54654599064463
2010,YR2010,East Asia & Pacific (excluding high income),EAP,..,..,..,2.42299375225538,0.710237763977862
2010,YR2010,East Asia & Pacific,EAS,..,..,..,58.6592667893466,0.407297780962941
2011,YR2011,Argentina,ARG,1.22770795872113,33.13,51,33.6443276957518,0.131541807279184
2011,YR2011,Australia,AUS,1.96838634633669,99.06,79.5,2171.39426528817,0.175122906953415
2011,YR2011,Brazil,BRA,3.46686409051456,55.86,45.7,44.5964199126799,0.122875010809796
2011,YR2011,China,CHN,0.961585528954036,63.82,38.3,1.95608292721007,0.215965795112023
2011,YR2011,France,FRA,4.89276263549823,96.98,77.8,401.418225021017,0.799268808704153
2011,YR2011,Germany,DEU,..,98.13,81.3,1471.90314571602,0.428965036663104
2011,YR2011,India,IND,2.67019501469286,35.23,10.1,2.25336486642335,3.42826651551382
2011,YR2011,Indonesia,IDN,2.00668094304848,19.58,12.3,2.38505601346137,0.775387465928679
2011,YR2011,Italy,ITA,11.7423491843706,71.01,54.4,188.349075374465,0.378471852807911
2011,YR2011,Japan,JPN,2.44741326110445,96.42,79.1,679.621068112303,0.0341998859717022
2011,YR2011,"Korea, Rep.",KOR,0.484155586674748,93.05,83.8,208.524250270913,0.526789684462336
2011,YR2011,Mexico,MEX,2.44685147061432,27.43,37.2,17.363234634032,1.96824777368886
2011,YR2011,Netherlands,NLD,2.71087690835903,98.66,91.4,3200.84844768555,0.352299466776634
2011,YR2011,Russian Federation,RUS,6.62814262110441,48.18,58,28.8494761103648,0.298313804363493
2011,YR2011,Saudi Arabia,SAU,2.22411986474196,46.42,47.5,22.9954989001018,0.035808339973939
2011,YR2011,Spain,ESP,..,93.28,67.1,265.003964148667,0.115238682420597
2011,YR2011,Switzerland,CHE,0.79886373760432,..,85.2,2439.08357491623,0.365315005484312
2011,YR2011,Turkiye,TUR,2.57632211204451,57.6,43.1,117.065146464342,0.224491299875581
2011,YR2011,United Kingdom,GBR,3.9618682056152,97.2,85.4,1811.95314929256,0.191417985657686
2011,YR2011,United States,USA,3.78150447341427,87.96,69.7,2983.8141619928,0.0391288773422518
2011,YR2011,"Egypt, Arab Rep.",EGY,..,9.72,25.6,2.76640177381682,6.06988425351907
2011,YR2011,El Salvador,SLV,3.4462055197927,13.76,18.9,16.2558186389217,17.96484307191
2011,YR2011,Haiti,HTI,..,22.01,9,0.4034330539156,11.9255644590233
2011,YR2011,Nigeria,NGA,5.77162860434222,29.67,13.8,0.904425041305092,4.97428952755572
2011,YR2011,Pakistan,PAK,..,10.31,8,0.716578256370252,5.31817590756805
2011,YR2011,Philippines,PHL,2.52887904557003,26.56,29,6.86014766579811,9.84286049520812
2011,YR2011,Viet Nam,VNM,2.79209384764478,21.37,35.1,3.69623863296411,4.82400859084171
2011,YR2011,Low income,LIC,..,10.05,4.2,0.357480894974493,1.97686911004055
2011,YR2011,Low & middle income,LMY,..,41.66,..,7.27891437473051,1.48862439256289
2011,YR2011,Lower middle income,LMC,..,30.45,12.6,2.18828243879999,4.94332553565538
2011,YR2011,High income,HIC,..,88.24,70.5,1219.88870820791,0.281860915736942
2011,YR2011,South Asia,SAS,..,32.33,..,2.09577804979218,4.10382405959255
2011,YR2011,Middle income,MIC,..,43.33,..,7.84631547033677,1.48043810953115
2011,YR2011,East Asia & Pacific (excluding high income),EAP,..,54.99,..,3.53829096046073,0.646305343167474
2011,YR2011,East Asia & Pacific,EAS,..,59.81,..,78.2780901556786,0.393758720502535
2012,YR2012,Argentina,ARG,1.53673589612636,..,55.8,62.6871943865859,0.105778682207302
2012,YR2012,Australia,AUS,1.70189150824109,..,79,3187.89942492269,0.157711409600827
2012,YR2012,Brazil,BRA,3.44682339262827,..,48.6,71.4103906694906,0.112933662857454
2012,YR2012,China,CHN,0.953674330051852,..,42.3,3.76608895354419,0.196752167063247
2012,YR2012,France,FRA,4.29452327369679,..,81.4,622.48640329988,0.844812031788221
2012,YR2012,Germany,DEU,..,..,82.4,2194.9044898179,0.427359194518389
2012,YR2012,India,IND,3.37395391664123,..,11.1,4.46086943243043,3.76554510581057
2012,YR2012,Indonesia,IDN,1.67598753441661,..,14.5,5.22361576902754,0.785753675199222
2012,YR2012,Italy,ITA,13.7463696406392,..,55.8,300.010398521898,0.436913602801031
2012,YR2012,Japan,JPN,2.42889160930217,..,79.5,909.613018984714,0.0404883720248675
2012,YR2012,"Korea, Rep.",KOR,0.594291798596701,..,84.1,268.327478966921,0.515560256447522
2012,YR2012,Mexico,MEX,2.52922017747363,..,39.8,26.9307332637734,1.91669184919751
2012,YR2012,Netherlands,NLD,3.09784428543666,..,92.9,4852.83105983768,0.364191668418579
2012,YR2012,Russian Federation,RUS,6.05937220678028,..,66,57.505156266618,0.262090607919179
2012,YR2012,Saudi Arabia,SAU,1.6697936801687,..,54,44.9389065882539,0.0327055489847342
2012,YR2012,Spain,ESP,5.71026349860104,..,69.8,403.629824906669,0.157319242551982
2012,YR2012,Switzerland,CHE,0.76405025144117,..,85.2,3486.49301269586,0.352614918721195
2012,YR2012,Turkiye,TUR,2.7433675978872,..,45.1,222.584847653222,0.21361506191608
2012,YR2012,United Kingdom,GBR,3.58628400773794,..,87.5,2500.1177190752,0.182658004430191
2012,YR2012,United States,USA,3.31729162388854,..,74.7,3836.05795090734,0.0387782184906211
2012,YR2012,"Egypt, Arab Rep.",EGY,..,..,26.4,4.69080404148942,6.89188511375172
2012,YR2012,El Salvador,SLV,2.82635637565409,..,20.3,22.7348001913649,18.3017912730119
2012,YR2012,Haiti,HTI,..,..,9.8,1.09237836689633,11.7611409672879
2012,YR2012,Nigeria,NGA,3.70522490674831,..,16.1,1.645851142696,4.42762234112029
2012,YR2012,Pakistan,PAK,..,..,8.1,1.1556956836572,5.60040378648877
2012,YR2012,Philippines,PHL,2.20068041783046,..,30.8,11.4399215648631,9.39585704973622
2012,YR2012,Viet Nam,VNM,3.43791016533393,..,36.8,9.07157603082262,4.04518291124934
2012,YR2012,Low income,LIC,..,..,5,0.751200574254363,2.72424781173197
2012,YR2012,Low & middle income,LMY,..,..,..,13.1364472612451,1.50582825997486
2012,YR2012,Lower middle income,LMC,..,..,14,4.16631695819871,5.14440422538445
2012,YR2012,High income,HIC,..,..,73.8,1656.04902133552,0.276130989509868
2012,YR2012,South Asia,SAS,..,..,..,4.11512072679317,4.55565595176499
2012,YR2012,Middle income,MIC,..,..,..,14.1657803267241,1.48845735068563
2012,YR2012,East Asia & Pacific (excluding high income),EAP,..,..,..,6.83409954048233,0.606964811623184
2012,YR2012,East Asia & Pacific,EAS,..,..,..,111.64256726383,0.384162058070247
2013,YR2013,Argentina,ARG,1.53372870982538,..,59.9,73.19916148564,0.0969166746867399
2013,YR2013,Australia,AUS,1.36517488167218,..,83.5,3505.12572806905,0.156052319489858
2013,YR2013,Brazil,BRA,2.85728229301093,..,51,87.9491616360537,0.109901876363478
2013,YR2013,China,CHN,0.999702805112438,..,45.8,5.13409230949796,0.182591382060942
2013,YR2013,France,FRA,4.49543407979547,..,81.9,821.359069250837,0.956657791815609
2013,YR2013,Germany,DEU,..,..,84.2,2601.18328828955,0.424678537194831
2013,YR2013,India,IND,4.02772863501631,..,12.3,6.08104687623525,3.76848981172284
2013,YR2013,Indonesia,IDN,1.60618085839081,..,14.9,7.69974987186659,0.834434842174634
2013,YR2013,Italy,ITA,16.5427056350995,..,58.5,374.504989611205,0.438232625845512
2013,YR2013,Japan,JPN,2.12909018123307,..,88.2,1054.73733767508,0.0453512003886864
2013,YR2013,"Korea, Rep.",KOR,0.570682157690436,..,84.8,337.108331923923,0.472438662361107
2013,YR2013,Mexico,MEX,3.36157018477857,..,43.5,31.7380986967497,1.80619576703496
2013,YR2013,Netherlands,NLD,3.22716888618912,..,94,5668.32607017006,0.370573154363866
2013,YR2013,Russian Federation,RUS,6.01730651081845,..,68,79.5657260670128,0.294477562161684
2013,YR2013,Saudi Arabia,SAU,1.30683882837442,..,60.5,56.3278227153457,0.0349167043120865
2013,YR2013,Spain,ESP,7.12373619141485,..,71.6,488.496776374025,0.22285903929826
2013,YR2013,Switzerland,CHE,0.750862344440605,..,86.3,3954.9550730059,0.345078248473529
2013,YR2013,Turkiye,TUR,2.63627102630174,..,46.3,263.251812032901,0.198475855770622
2013,YR2013,United Kingdom,GBR,3.11174173873799,..,89.8,2832.02107921857,0.172522626724534
2013,YR2013,United States,USA,2.45239118205519,..,71.4,4294.07370746707,0.0391749551839816
2013,YR2013,"Egypt, Arab Rep.",EGY,..,..,29.4,5.90558079797991,6.18272925177381
2013,YR2013,El Salvador,SLV,2.29198045695359,..,23.1,28.5070189982177,18.0368594542296
2013,YR2013,Haiti,HTI,..,..,10.6,1.36954649033169,11.9509923558058
2013,YR2013,Nigeria,NGA,3.39339117622511,..,19.1,2.10992087945833,3.99853624231869
2013,YR2013,Pakistan,PAK,12.9868868262001,..,9,1.55395754184346,5.65574753329438
2013,YR2013,Philippines,PHL,2.44086452225224,..,32.7,12.0791953190796,9.41055797221716
2013,YR2013,Viet Nam,VNM,3.10707263260723,..,38.5,14.1984755209449,4.41207825102011
2013,YR2013,Low income,LIC,..,..,5.8,0.871246498158483,2.801512562442
2013,YR2013,Low & middle income,LMY,..,..,..,16.3949189085457,1.48424970050664
2013,YR2013,Lower middle income,LMC,..,..,15.6,5.53023020879229,5.08564416593157
2013,YR2013,High income,HIC,..,..,75.2,1892.224084209,0.304220544420263
2013,YR2013,South Asia,SAS,..,..,..,5.58248131086911,4.54063359507061
2013,YR2013,Middle income,MIC,..,..,..,17.7171765936386,1.46625430327086
2013,YR2013,East Asia & Pacific (excluding high income),EAP,..,..,..,8.95525710989097,0.609055864900764
2013,YR2013,East Asia & Pacific,EAS,..,..,..,129.340581015068,0.412586766251195
2014,YR2014,Argentina,ARG,1.79255873857878,50.2,64.7,89.1826345303307,0.0960152008279335
2014,YR2014,Australia,AUS,1.01384449933768,98.86,84,3938.58564985066,0.158667278142978
2014,YR2014,Brazil,BRA,2.25174733022776,68.12,54.6,113.841545053971,0.107811945028355
2014,YR2014,China,CHN,1.24873335628106,78.93,47.9,9.70507194611695,0.28020429672732
2014,YR2014,France,FRA,3.72567893768622,96.58,83.8,1188.96912080874,0.977759523918219
2014,YR2014,Germany,DEU,..,98.76,86.2,3352.78609576143,0.410159829559152
2014,YR2014,India,IND,4.34584976316209,53.14,13.5,8.33741535327806,3.45190175872427
2014,YR2014,Indonesia,IDN,1.97494771279186,36.06,17.1,11.6116741423225,0.959926226606045
2014,YR2014,Italy,ITA,18.0330469839719,87.33,55.6,496.89404336723,0.464706391358343
2014,YR2014,Japan,JPN,1.74645633118206,96.65,89.1,1376.66959992457,0.0762490669316558
2014,YR2014,"Korea, Rep.",KOR,0.487829016283245,94.36,87.6,406.608048817559,0.442812449113968
2014,YR2014,Mexico,MEX,3.13402337702184,39.14,44.4,41.1573270047557,1.87295707017826
2014,YR2014,Netherlands,NLD,2.98266215275664,99.3,91.7,7204.7401341286,0.412968512988974
2014,YR2014,Russian Federation,RUS,6.81325840246745,67.38,70.5,120.010629988349,0.377640974141187
2014,YR2014,Saudi Arabia,SAU,1.08033805274768,69.41,64.7,77.3244865737103,0.0347205659958046
2014,YR2014,Spain,ESP,6.38267849950904,97.58,76.2,626.120125999734,0.226797932786243
2014,YR2014,Switzerland,CHE,0.702430455095103,97.99,83.6,4897.99965781901,0.33118276980983
2014,YR2014,Turkiye,TUR,2.74183131997442,56.68,51,298.865469518728,0.185209915874982
2014,YR2014,United Kingdom,GBR,1.65439301070172,98.93,91.6,3250.15475085113,0.161100755282549
2014,YR2014,United States,USA,1.85071180176899,93.58,73,5115.54683309614,0.0369317868817248
2014,YR2014,"Egypt, Arab Rep.",EGY,..,14.13,33.9,7.43371276302039,6.40402291079812
2014,YR2014,El Salvador,SLV,2.307449349322,36.72,24.8,35.0481222076098,18.4140727443948
2014,YR2014,Haiti,HTI,..,18.86,11.4,2.41004855283815,13.0524138951601
2014,YR2014,Nigeria,NGA,2.96313378497792,44.44,21,2.84028382074011,3.65720630538804
2014,YR2014,Pakistan,PAK,12.265792482412,13.04,10,2.23555311950272,6.35394444445627
2014,YR2014,Philippines,PHL,2.02468665436274,31.29,34.7,15.6022432151684,9.64449879049473
2014,YR2014,Viet Nam,VNM,3.49733108025613,30.95,41,20.331681718692,4.19530449519011
2014,YR2014,Low income,LIC,..,18.74,7.1,1.27779648457074,2.62335247736922
2014,YR2014,Low & middle income,LMY,..,54.99,..,21.662643529684,1.52510447255561
2014,YR2014,Lower middle income,LMC,..,43.7,17.6,7.51176473000096,4.95928975335476
2014,YR2014,High income,HIC,..,92.79,77,2300.59129007702,0.312677389576105
2014,YR2014,South Asia,SAS,..,46.49,..,7.65015117921228,4.23230253326766
2014,YR2014,Middle income,MIC,..,57.26,..,23.315104259082,1.50998153172129
2014,YR2014,East Asia & Pacific (excluding high income),EAP,..,68.92,..,14.0983156881161,0.685735933499667
2014,YR2014,East Asia & Pacific,EAS,..,71.86,..,161.828309534465,0.478684253445985
2015,YR2015,Argentina,ARG,1.57420132816491,..,68,122.294512787585,0.0831331023452092
2015,YR2015,Australia,AUS,0.88872549882617,..,84.6,4574.11080242501,0.160930749542152
2015,YR2015,Brazil,BRA,2.84649627717535,..,58.3,161.164815967859,0.160741889371087
2015,YR2015,China,CHN,1.67388016445151,..,50.3,19.5592306465873,0.293459971514147
2015,YR2015,France,FRA,3.52308121172511,..,78,1898.47153356589,1.04187015639794
2015,YR2015,Germany,DEU,..,..,87.6,4297.92588653237,0.434862247193905
2015,YR2015,India,IND,5.88352227400692,..,14.9,11.5306607845422,3.27581644116737
2015,YR2015,Indonesia,IDN,2.31686319973563,..,22.1,17.4523036924373,1.12204462407113
2015,YR2015,Italy,ITA,18.064368830052,..,58.1,633.243402476241,0.52062416199819
2015,YR2015,Japan,JPN,1.5335999587436,..,91.1,1504.27478154175,0.0748065192301103
2015,YR2015,"Korea, Rep.",KOR,0.456859010234891,..,89.9,557.718897561532,0.440909162803425
2015,YR2015,Mexico,MEX,2.60441021807811,..,57.4,58.2627046023225,2.21091481741302
2015,YR2015,Netherlands,NLD,2.71198466589929,..,91.7,9728.85177813382,0.422336499572838
2015,YR2015,Russian Federation,RUS,8.37596711898549,..,70.1,320.19338178608,0.506305846173427
2015,YR2015,Saudi Arabia,SAU,1.23698687005173,..,69.6,95.1154972457758,0.0426057491739427
2015,YR2015,Spain,ESP,5.09174595659944,..,78.7,890.003238314135,0.221645288326861
2015,YR2015,Switzerland,CHE,0.736258568730844,..,87.5,6938.08892982176,0.362614874284735
2015,YR2015,Turkiye,TUR,2.98772329214314,..,53.7,364.977692803257,0.162093904208214
2015,YR2015,United Kingdom,GBR,1.01449977058357,..,92,4388.16678957719,0.170886111117857
2015,YR2015,United States,USA,1.4734265470522,..,74.6,6337.61084209589,0.0359551416699813
2015,YR2015,"Egypt, Arab Rep.",EGY,..,..,37.8,9.78941787422399,5.56383108965179
2015,YR2015,El Salvador,SLV,2.2540984821962,..,26.8,46.2508061547856,18.2378057227401
2015,YR2015,Haiti,HTI,..,..,14.2,3.89613771117304,14.7852864304504
2015,YR2015,Nigeria,NGA,4.86088556171331,..,22.5,3.37228545050571,4.18355590955889
2015,YR2015,Pakistan,PAK,11.3588840793988,..,11,3.1294456104723,6.43611445161773
2015,YR2015,Philippines,PHL,1.8854782076355,..,36.9,20.3108843398923,9.72419552564766
2015,YR2015,Viet Nam,VNM,2.75511790461507,..,45,32.6750018912287,3.36485543217987
2015,YR2015,Low income,LIC,..,..,8.9,1.67267114908966,3.09157830047131
2015,YR2015,Low & middle income,LMY,..,..,..,31.0277435729625,1.58266751402273
2015,YR2015,Lower middle income,LMC,..,..,19.7,10.4082748767536,4.91382202329024
2015,YR2015,High income,HIC,..,..,78.3,2934.7078166466,0.307561266920796
2015,YR2015,South Asia,SAS,..,..,..,10.5895127223882,4.05707430079412
2015,YR2015,Middle income,MIC,..,..,..,33.519561373708,1.56224665391754
2015,YR2015,East Asia & Pacific (excluding high income),EAP,..,..,..,24.3008424835943,0.683019568639214
2015,YR2015,East Asia & Pacific,EAS,..,..,..,195.104970849227,0.491811385493833
2016,YR2016,Argentina,ARG,1.70027750562075,..,71,729.835343087417,0.0702343224152265
2016,YR2016,Australia,AUS,0.947676353339703,..,86.5,9810.21505311893,0.170432694530808
2016,YR2016,Brazil,BRA,3.08157613195282,..,60.9,415.986539467638,0.152575400687928
2016,YR2016,China,CHN,1.74447934478824,..,53.2,47.5965383811672,0.234664999780238
2016,YR2016,France,FRA,3.49852745916487,..,79.3,6688.01787132278,1.03597313185571
2016,YR2016,Germany,DEU,..,..,84.2,11624.9602042748,0.431326904224269
2016,YR2016,India,IND,9.18565591814957,..,16.5,37.7418916475687,2.73420120455754
2016,YR2016,Indonesia,IDN,2.77489855191291,..,25.4,302.667050169382,0.955775529544706
2016,YR2016,Italy,ITA,17.1162385246125,..,61.3,1316.22234853891,0.504095029648584
2016,YR2016,Japan,JPN,1.39676981537012,..,93.2,2108.1872265416,0.0765526640097879
2016,YR2016,"Korea, Rep.",KOR,0.469220791445101,..,92.8,720.999297841807,0.434999517629917
2016,YR2016,Mexico,MEX,2.14676314546594,..,59.5,120.71850232559,2.63693007782724
2016,YR2016,Netherlands,NLD,2.54052744825368,..,90.4,24130.7940652181,0.402191680779677
2016,YR2016,Russian Federation,RUS,9.24076995498895,..,73.1,1158.54544060337,0.523867598943551
2016,YR2016,Saudi Arabia,SAU,1.38335895995773,..,74.9,111.196549172426,0.0460425534219696
2016,YR2016,Spain,ESP,4.71813279786195,..,80.6,2764.10124822262,0.211757899989054
2016,YR2016,Switzerland,CHE,0.729731055345652,..,89.1,17196.7260846272,0.366929876151172
2016,YR2016,Turkiye,TUR,3.10968373133547,..,58.3,1310.01097127093,0.138096313658614
2016,YR2016,United Kingdom,GBR,1.68729249856196,..,94.8,8697.02928041215,0.170401717173611
2016,YR2016,United States,USA,1.32052217577728,..,85.5,11389.9150845803,0.033661416035267
2016,YR2016,"Egypt, Arab Rep.",EGY,..,..,41.2,13.655424392537,5.59207795083782
2016,YR2016,El Salvador,SLV,1.9684661443707,..,29,53.3802090052896,18.8561820072362
2016,YR2016,Haiti,HTI,..,..,22.8,4.59168790166141,15.8295930130992
2016,YR2016,Nigeria,NGA,12.8150641172054,..,24.1,45.0973861014707,4.86790574219487
2016,YR2016,Pakistan,PAK,10.055842933819,..,12.4,29.2906020154033,6.31922966290135
2016,YR2016,Philippines,PHL,1.71584803855675,..,39.2,39.3682643389511,9.7738023395632
2016,YR2016,Viet Nam,VNM,2.63885944068427,..,53,277.637952301698,3.32797565973604
2016,YR2016,Low income,LIC,..,..,10.4,3.00309699715562,3.25882095751758
2016,YR2016,Low & middle income,LMY,..,..,..,121.152491071438,1.52657926546464
2016,YR2016,Lower middle income,LMC,..,..,22.2,41.8792880761319,4.57630936916626
2016,YR2016,High income,HIC,..,..,82.5,6312.52702947022,0.304416042667397
2016,YR2016,South Asia,SAS,..,..,..,36.3941664327757,3.36767311252933
2016,YR2016,Middle income,MIC,..,..,..,131.889998658028,1.50644437238036
2016,YR2016,East Asia & Pacific (excluding high income),EAP,..,..,..,105.597691415289,0.636570393706408
2016,YR2016,East Asia & Pacific,EAS,..,..,..,409.055398808799,0.457266304727145
2017,YR2017,Argentina,ARG,1.73479928371252,48.71,74.3,1619.6159696379,0.0745674778829443
2017,YR2017,Australia,AUS,0.857013750175751,99.52,86.5,21552.9166755447,0.151022528918064
2017,YR2017,Brazil,BRA,2.87891636603921,70.04,67.5,1605.82544177505,0.130785125421543
2017,YR2017,China,CHN,1.74435460635256,79.53,54.3,207.64925172699,0.22872062217092
2017,YR2017,France,FRA,2.85084082112563,94,80.5,14819.4761291503,1.03540167569517
2017,YR2017,Germany,DEU,..,99.14,84.4,34181.2784354313,0.45729469299075
2017,YR2017,India,IND,9.97528206363178,79.88,18.2,121.20038474398,2.60108787283474
2017,YR2017,Indonesia,IDN,2.44404843529866,48.86,32.3,1267.73606423762,0.885128402978051
2017,YR2017,Italy,ITA,14.3832990405839,93.79,63.1,7813.04008389552,0.494346315048682
2017,YR2017,Japan,JPN,1.19184799909608,98.24,91.7,5971.46615001733,0.0901069827039233
2017,YR2017,"Korea, Rep.",KOR,0.352361433161398,94.85,95.1,1198.94292873955,0.402101152636092
2017,YR2017,Mexico,MEX,2.14605834181442,36.93,53,187.552587597265,2.76495197157249
2017,YR2017,Netherlands,NLD,2.30542707664559,99.64,93.2,70412.1276055238,0.40284436570749
2017,YR2017,Russian Federation,RUS,9.65589344602212,75.76,76,3521.68435067119,0.523123068702963
2017,YR2017,Saudi Arabia,SAU,1.61364907195792,71.7,94.2,178.226966117669,0.0392285559698217
2017,YR2017,Spain,ESP,4.46120203086986,93.76,84.6,7250.46311851917,0.227330124373479
2017,YR2017,Switzerland,CHE,0.644092865487905,98.43,89.7,32951.9962517038,0.372814468975237
2017,YR2017,Turkiye,TUR,2.84271365893527,68.59,64.7,3384.80721940135,0.122935290610442
2017,YR2017,United Kingdom,GBR,1.35973989613413,96.37,90.4,21225.7223418124,0.160770446093424
2017,YR2017,United States,USA,1.12682415706514,93.12,87.3,30199.9571603454,0.0323626707631849
2017,YR2017,"Egypt, Arab Rep.",EGY,..,32.78,45,33.6560530937063,9.96018840777921
2017,YR2017,El Salvador,SLV,1.89419432594823,30.35,33.8,63.2490404412433,20.0020638968604
2017,YR2017,Haiti,HTI,..,32.62,27.2,4.62203152336428,16.028014165291
2017,YR2017,Nigeria,NGA,14.8096296761859,39.67,25.9,212.374669345264,5.86487483704888
2017,YR2017,Pakistan,PAK,8.42948949057021,21.29,13.8,107.146392037725,5.85367806811606
2017,YR2017,Philippines,PHL,1.5793111524775,34.5,41.6,85.4515929859327,9.98833927166016
2017,YR2017,Viet Nam,VNM,2.11141959192174,30.8,58.1,1340.49224950694,3.34298428192977
2017,YR2017,Low income,LIC,..,31.53,12.1,8.8873262006986,3.50691793040602
2017,YR2017,Low & middle income,LMY,..,62.98,..,468.676932624584,1.53176690670168
2017,YR2017,Lower middle income,LMC,..,58.27,24.7,151.092839951325,4.6149895663667
2017,YR2017,High income,HIC,..,93.67,84.2,17065.6652487393,0.309344162085111
2017,YR2017,South Asia,SAS,..,69.46,..,118.547267685191,3.14161603576194
2017,YR2017,Middle income,MIC,..,64.86,..,511.122673362895,1.51001541828917
2017,YR2017,East Asia & Pacific (excluding high income),EAP,..,70.37,..,462.597359043326,0.618331502693662
2017,YR2017,East Asia & Pacific,EAS,..,73.39,..,1227.55577153159,0.453291659725059
2018,YR2018,Argentina,ARG,2.95778551361675,..,77.7,1865.86541646219,0.0995468179872308
2018,YR2018,Australia,AUS,0.901855193874304,..,90,32929.1953798659,0.130824956119796
2018,YR2018,Brazil,BRA,2.59786426236426,..,70.4,2069.60200203718,0.1530302781715
2018,YR2018,China,CHN,1.83294883223349,..,59.2,443.51278907297,0.171798187789183
2018,YR2018,France,FRA,2.74917800998469,..,82,20362.9338827691,1.02055612218559
2018,YR2018,Germany,DEU,..,..,87,56406.6207107244,0.460345159640742
2018,YR2018,India,IND,9.46095691207992,..,20.1,184.79636635197,2.91499156006937
2018,YR2018,Indonesia,IDN,2.20579865068329,..,39.9,1272.12317710915,1.07604827122093
2018,YR2018,Italy,ITA,8.38628316437891,..,74.4,12313.6246863563,0.471538807673802
2018,YR2018,Japan,JPN,1.07338670657475,..,88.7,11644.8573073314,0.0866803594795751
2018,YR2018,"Korea, Rep.",KOR,0.254435738088805,..,96,2065.98585194961,0.412959861334935
2018,YR2018,Mexico,MEX,2.1077378613675,..,56.7,228.675856015881,2.90745049995097
2018,YR2018,Netherlands,NLD,1.95988149570236,..,91.9,100581.523830836,0.400553682515036
2018,YR2018,Russian Federation,RUS,9.74675740899048,..,80.9,5157.77007439148,0.560375837837153
2018,YR2018,Saudi Arabia,SAU,1.95231785727138,..,93.3,180.320218903778,0.0377766708836925
2018,YR2018,Spain,ESP,3.68642493378735,..,86.1,11306.5682447896,0.232719297208057
2018,YR2018,Switzerland,CHE,0.668886023069021,..,91.8,68154.7541796893,0.351549664896791
2018,YR2018,Turkiye,TUR,3.68690904641214,..,71,4383.72751384509,0.147245323441056
2018,YR2018,United Kingdom,GBR,1.09642089877808,..,90.7,27332.2874081673,0.15288029407412
2018,YR2018,United States,USA,0.913161529735838,..,88.5,65494.8762801956,0.0336019878666858
2018,YR2018,"Egypt, Arab Rep.",EGY,..,..,46.9,32.7018501355584,9.71698574857486
2018,YR2018,El Salvador,SLV,1.84617175476304,..,43.8,93.5720352737633,20.720840026323
2018,YR2018,Haiti,HTI,..,..,32.5,5.38205178774428,16.6739852493704
2018,YR2018,Nigeria,NGA,11.6745261102871,..,27.7,176.062355799907,5.76446757768372
2018,YR2018,Pakistan,PAK,7.97371472046651,..,15.3,102.062808291507,5.95094743448361
2018,YR2018,Philippines,PHL,1.67363606149179,..,44.1,90.4670354538969,9.74765976052021
2018,YR2018,Viet Nam,VNM,2.12656065140467,..,69.8,1756.65741478106,3.28640694383908
2018,YR2018,Low income,LIC,..,..,14.2,11.0092741936305,4.40460414214442
2018,YR2018,Low & middle income,LMY,..,..,..,638.633640143024,1.56070592141452
2018,YR2018,Lower middle income,LMC,..,..,27.5,200.638254091885,4.79212341375264
2018,YR2018,High income,HIC,..,..,86.4,30841.373276166,0.308243350985657
2018,YR2018,South Asia,SAS,..,..,..,180.73079364887,3.47322624507113
2018,YR2018,Middle income,MIC,..,..,..,693.846740359357,1.52985991884052
2018,YR2018,East Asia & Pacific (excluding high income),EAP,..,..,..,674.310673946195,0.559103772259748
2018,YR2018,East Asia & Pacific,EAS,..,..,..,1984.14471067809,0.421015246274857
2019,YR2019,Argentina,ARG,5.7029147138395,..,79.9,3016.15630461206,0.125380809015097
2019,YR2019,Australia,AUS,0.961493162441897,..,93.6,36763.583850941,0.126561027467673
2019,YR2019,Brazil,BRA,2.65554756569737,..,73.9,2788.39613470957,0.171549773709679
2019,YR2019,China,CHN,1.86175485330958,..,64.1,729.738695573417,0.125646312827257
2019,YR2019,France,FRA,2.51442386618475,..,83.3,29255.7243091748,1.05640587447827
2019,YR2019,Germany,DEU,..,..,88.1,77970.0331298817,0.463414564330336
2019,YR2019,India,IND,9.23442899080834,..,29.5,382.862055209059,2.93877465566923
2019,YR2019,Indonesia,IDN,2.33935750447439,..,47.7,1672.32938886525,1.04248024307832
2019,YR2019,Italy,ITA,6.74918443535526,..,67.9,15313.1771774623,0.517849112841984
2019,YR2019,Japan,JPN,1.11143560418892,..,92.7,18646.9956488435,0.0857508506606716
2019,YR2019,"Korea, Rep.",KOR,0.251149391152259,..,96.2,4538.9511819436,0.433934872720841
2019,YR2019,Mexico,MEX,2.20172618969779,..,69.6,275.399004136209,3.05446883227768
2019,YR2019,Netherlands,NLD,1.83848147529752,..,93.3,130279.470464876,0.39546440721263
2019,YR2019,Russian Federation,RUS,8.82848632528604,..,82.6,9269.6974453469,0.616170784814508
2019,YR2019,Saudi Arabia,SAU,1.85839038526169,..,95.7,208.090800500629,0.0375782473904536
2019,YR2019,Spain,ESP,3.15282728174409,..,90.7,17700.6267665434,0.22848983938255
2019,YR2019,Switzerland,CHE,0.644681878171939,..,93.1,95783.2280695208,0.353398824291966
2019,YR2019,Turkiye,TUR,5.02294929309671,..,74,5494.176274385,0.112482699842791
2019,YR2019,United Kingdom,GBR,1.01809935045005,..,92.5,36099.3681619667,0.147815247511695
2019,YR2019,United States,USA,0.855251960083455,..,89.4,123268.08312533,0.032725189835349
2019,YR2019,"Egypt, Arab Rep.",EGY,..,..,57.3,32.979040931555,8.40388463187991
2019,YR2019,El Salvador,SLV,1.72062907242908,..,50.5,97.712781635397,21.0435800685611
2019,YR2019,Haiti,HTI,..,..,39.3,5.40289233035121,17.9484096513974
2019,YR2019,Nigeria,NGA,6.03472340059305,..,29.7,71.7758025238589,5.01757719376011
2019,YR2019,Pakistan,PAK,8.58202379960379,..,17.1,58.7042774040494,6.9340427404279
2019,YR2019,Philippines,PHL,1.97428417462379,..,43,108.614542943099,9.33261353281526
2019,YR2019,Viet Nam,VNM,1.77330386734804,..,68.7,2577.96918378473,3.25548904943051
2019,YR2019,Low income,LIC,..,..,17.2,11.3827453201149,3.50410406424042
2019,YR2019,Low & middle income,LMY,..,..,..,884.368069423844,1.57494611772628
2019,YR2019,Lower middle income,LMC,..,..,33.6,315.693348709491,4.81103432406726
2019,YR2019,High income,HIC,..,..,87.5,51000.6065490688,0.311163838711293
2019,YR2019,South Asia,SAS,..,..,..,349.726833466638,3.51817795889095
2019,YR2019,Middle income,MIC,..,..,..,963.887749813518,1.55512583973662
2019,YR2019,East Asia & Pacific (excluding high income),EAP,..,..,..,991.2981477088,0.530966240869282
2019,YR2019,East Asia & Pacific,EAS,..,..,..,2995.2489569825,0.406018422291804
2020,YR2020,Argentina,ARG,4.15006400338998,..,85.5,3700.83487186273,0.168011924038753
2020,YR2020,Australia,AUS,1.10778271314938,..,94.7,39862.7281392421,0.0901288199623957
2020,YR2020,Brazil,BRA,1.86754766697946,..,81.3,3144.86893520731,0.241596231143309
2020,YR2020,China,CHN,1.83961969163289,..,70.1,948.458649280703,0.125871762145022
2020,YR2020,France,FRA,2.38440087259746,..,84.7,36107.8390576723,1.13234775294505
2020,YR2020,Germany,DEU,..,..,89.8,97517.56929049,0.477640090288157
2020,YR2020,India,IND,7.93883072465331,..,43.4,472.187112968085,3.10855277353444
2020,YR2020,Indonesia,IDN,2.64268448647727,..,53.7,1868.76353333811,0.91127727787002
2020,YR2020,Italy,ITA,4.35972073669912,..,70.5,20677.1830094764,0.518407597996087
2020,YR2020,Japan,JPN,1.13897924015799,..,90.2,22848.7181314895,0.0967099102397567
2020,YR2020,"Korea, Rep.",KOR,0.249044148161993,..,96.5,5939.01112308707,0.452152404076371
2020,YR2020,Mexico,MEX,2.56401799892127,..,71.5,328.196454841059,3.92284685450733
2020,YR2020,Netherlands,NLD,1.88205795882041,..,91.3,136862.999168649,0.388424031122953
2020,YR2020,Russian Federation,RUS,8.16184118410632,..,85,13239.9190367447,0.66406336325159
2020,YR2020,Saudi Arabia,SAU,2.21159921239074,..,97.9,252.816653889025,0.0393583696631863
2020,YR2020,Spain,ESP,2.85122667258747,..,93.2,21589.3884182375,0.237512743208444
2020,YR2020,Switzerland,CHE,0.754607674363502,..,94.3,120002.310675401,0.380686563671756
2020,YR2020,Turkiye,TUR,3.89009244045221,..,77.7,6837.08326277681,0.113280077485418
2020,YR2020,United Kingdom,GBR,0.98332463109975,..,94.8,36636.6265132446,0.120443496944733
2020,YR2020,United States,USA,1.06536914566418,..,90.3,140775.773474768,0.0319704337877893
2020,YR2020,"Egypt, Arab Rep.",EGY,..,..,71.9,41.1928362263944,7.71274724506713
2020,YR2020,El Salvador,SLV,1.57066790614131,..,54.6,140.504562147846,23.8002795557104
2020,YR2020,Haiti,HTI,..,..,..,7.73756457753609,22.4512536627714
2020,YR2020,Nigeria,NGA,6.02451546227795,..,31.9,71.2255701423008,3.98139545635092
2020,YR2020,Pakistan,PAK,9.18579121790452,..,18.9,69.3313997760681,8.68401332889248
2020,YR2020,Philippines,PHL,3.5324621315646,..,53.8,111.026585139154,9.64277376552081
2020,YR2020,Viet Nam,VNM,1.87185415971075,..,70.3,3082.33578313263,3.0911959715008
2020,YR2020,Low income,LIC,..,..,18.4,14.2925158374337,3.50898905115276
2020,YR2020,Low & middle income,LMY,..,..,..,1051.44525091013,1.64307396522681
2020,YR2020,Lower middle income,LMC,..,..,42.9,381.518773694345,5.01173633132415
2020,YR2020,High income,HIC,..,..,88.5,59225.1073748353,0.314377400340187
2020,YR2020,South Asia,SAS,..,..,..,432.433221499184,3.78965529212039
2020,YR2020,Middle income,MIC,..,..,..,1152.71225008291,1.62416658131057
2020,YR2020,East Asia & Pacific (excluding high income),EAP,..,..,..,1208.86879455501,0.511180368848713
2020,YR2020,East Asia & Pacific,EAS,..,..,..,3509.62387831273,0.398032803504543
2021,YR2021,Argentina,ARG,4.29211290587395,71.63,87.2,5116.36127962748,0.185543785281081
2021,YR2021,Australia,AUS,0.912575245358043,99.32,97,46481.5592601746,0.0601529868427185
2021,YR2021,Brazil,BRA,2.07937608671228,84.04,80.7,3546.59010881655,0.2455346442576
2021,YR2021,China,CHN,1.72739169215062,88.71,73.1,1083.91132572432,0.123504401314794
2021,YR2021,France,FRA,2.1692050101449,99.24,86.1,39644.0530743928,1.10053030062383
2021,YR2021,Germany,DEU,..,99.98,91.4,113297.576359309,0.465838460080083
2021,YR2021,India,IND,6.54245582956179,77.53,..,528.190455501333,2.82183503869842
2021,YR2021,Indonesia,IDN,2.64057088343298,51.76,62.1,2189.14677796205,0.792444188150129
2021,YR2021,Italy,ITA,3.34809683915318,97.29,74.9,24823.3931231798,0.482196343455447
2021,YR2021,Japan,JPN,1.22751856952344,98.49,82.9,25729.8696078749,0.105055336492197
2021,YR2021,"Korea, Rep.",KOR,0.233334670386676,98.67,97.6,7334.11978035964,0.425767889310083
2021,YR2021,Mexico,MEX,2.04852607538268,..,75.6,348.79471968524,4.18261481458709
2021,YR2021,Netherlands,NLD,1.73163500978815,99.73,92.1,164133.506993994,0.375241954774634
2021,YR2021,Russian Federation,RUS,6.1013544484352,89.72,88.2,16210.0206428107,0.527388477992061
2021,YR2021,Saudi Arabia,SAU,1.86810170169938,74.32,100,306.45408745077,0.0300118046534322
2021,YR2021,Spain,ESP,2.91575876060378,98.3,93.9,24984.2229191447,0.270293557786333
2021,YR2021,Switzerland,CHE,0.664684261351733,99.49,95.6,140348.158307165,0.385386093017113
2021,YR2021,Turkiye,TUR,2.97599400811766,74.09,81.4,7755.87404936661,0.0885511397201487
2021,YR2021,United Kingdom,GBR,0.969313241835594,99.76,96.2,44113.2061387794,0.11012236684042
2021,YR2021,United States,USA,0.813464699477564,94.95,91.3,156949.432905341,0.02995206613727
2021,YR2021,"Egypt, Arab Rep.",EGY,..,27.44,72.1,38.0868236821959,7.4144321712116
2021,YR2021,El Salvador,SLV,1.82876964140842,35.85,61.8,154.257293492644,26.2452495089243
2021,YR2021,Haiti,HTI,..,..,..,7.91237588779055,19.1326076146465
2021,YR2021,Nigeria,NGA,4.93379152270911,45.32,35.5,61.547814694274,4.41967229208595
2021,YR2021,Pakistan,PAK,7.88790949084099,20.98,21.4,65.7388698838102,8.98436279286431
2021,YR2021,Philippines,PHL,3.95540769439997,51.37,66.9,133.650513103559,9.3089291628606
2021,YR2021,Viet Nam,VNM,1.59911146644285,..,74.2,3846.57222455068,3.47147757606586
2021,YR2021,Low income,LIC,..,38.99,20.9,17.2876310005,3.50004906080092
2021,YR2021,Low & middle income,LMY,..,71.38,..,1221.09114645413,1.57946611722042
2021,YR2021,Lower middle income,LMC,..,62.38,46.6,441.875453205001,4.84477938830432
2021,YR2021,High income,HIC,..,96.36,90,67282.6751694502,0.303219838878943
2021,YR2021,South Asia,SAS,..,67.89,..,492.560076492391,3.37382862354056
2021,YR2021,Middle income,MIC,..,72.37,..,1340.64104867677,1.56137683018315
2021,YR2021,East Asia & Pacific (excluding high income),EAP,..,80.78,..,1396.79019539945,0.461007406814082
2021,YR2021,East Asia & Pacific,EAS,..,82.85,..,4097.08602746285,0.371250870219012
2022,YR2022,Argentina,ARG,3.09401335778846,..,88.4,5287.33940240888,0.166952666555471
2022,YR2022,Australia,AUS,0.721666972849021,..,97,48274.9572650131,0.0772998245693154
2022,YR2022,Brazil,BRA,2.64123318576759,..,80.5,4685.09246377482,0.25481314242508
2022,YR2022,China,CHN,..,..,75.6,1317.31265600935,0.142457651070649
2022,YR2022,France,FRA,2.0781054407903,..,85.3,47412.4923060694,1.19472954744797
2022,YR2022,Germany,DEU,1.23497612551348,..,91.6,125945.033165177,0.470671278002611
2022,YR2022,India,IND,4.81188453965167,..,55.9,729.692060044831,3.32391537862225
2022,YR2022,Indonesia,IDN,2.14649051618116,..,66.5,2496.40884911853,0.99228904198387
2022,YR2022,Italy,ITA,2.79682283767597,..,85.1,28070.9043211973,0.500437914318257
2022,YR2022,Japan,JPN,1.23401036286557,..,84.9,28934.0684777203,0.126874933673179
2022,YR2022,"Korea, Rep.",KOR,0.24216660171932,..,97.2,8821.91477648421,0.466839292456602
2022,YR2022,Mexico,MEX,2.08482456008448,48.97,78.6,381.889508206228,4.1908754859514
2022,YR2022,Netherlands,NLD,1.60929622981246,..,92.5,181183.789690312,0.35632748302402
2022,YR2022,Russian Federation,RUS,5.50983446091328,..,90.4,19939.0332294434,0.141610832659861
2022,YR2022,Saudi Arabia,SAU,1.80253047265235,..,100,323.758429778142,0.0231657002868662
2022,YR2022,Spain,ESP,3.06044108799909,..,94.5,27046.3366105902,0.29628857393551
2022,YR2022,Switzerland,CHE,0.685294805549221,..,96.5,151274.203927316,0.392019935734591
2022,YR2022,Turkiye,TUR,1.97901752159553,..,83.4,9166.00138199718,0.0767264751119134
2022,YR2022,United Kingdom,GBR,0.947024551170098,..,96.3,44420.8922548962,0.127329110558805
2022,YR2022,United States,USA,0.71607362746051,..,92.2,180213.052484185,0.0284809108108377
2022,YR2022,"Egypt, Arab Rep.",EGY,..,..,72.2,48.1804680857676,5.94293350334715
2022,YR2022,El Salvador,SLV,1.80255600088239,..,65.5,173.398835313939,24.6343666305956
2022,YR2022,Haiti,HTI,..,..,..,6.78048257216042,18.7510455649754
2022,YR2022,Nigeria,NGA,4.01492747084238,..,37.7,47.0936939460015,4.21606007545147
2022,YR2022,Pakistan,PAK,6.5448477708157,..,24.2,116.150687433285,8.04928811142895
2022,YR2022,Philippines,PHL,3.13384020777967,..,75.2,100.189236390773,9.40977059288243
2022,YR2022,Viet Nam,VNM,2.32004921223853,56.27,78.6,4713.44214180776,3.19268406571154
2022,YR2022,Low income,LIC,..,..,23.1,21.6946769878326,3.78829701720088
2022,YR2022,Low & middle income,LMY,..,..,..,1451.47781496875,1.6656538110801
2022,YR2022,Lower middle income,LMC,..,..,48.8,575.531956156473,4.98686075816992
2022,YR2022,High income,HIC,..,..,91.1,76306.7356897845,0.283421222825816
2022,YR2022,South Asia,SAS,..,..,..,678.894724740266,3.70721127412102
2022,YR2022,Middle income,MIC,..,..,..,1596.16335640189,1.64364462589265
2022,YR2022,East Asia & Pacific (excluding high income),EAP,..,..,..,1660.44466644415,0.49675756635383
2022,YR2022,East Asia & Pacific,EAS,..,..,..,4751.99023914878,0.408080699636981
2023,YR2023,Argentina,ARG,3.5490485353568,..,89.2,5451.20150353984,0.156281153926656
2023,YR2023,Australia,AUS,..,..,97.1,47578.6444316853,0.0999602670365159
2023,YR2023,Brazil,BRA,2.8426431121732,..,84.2,5628.66295682819,0.202347527557964
2023,YR2023,China,CHN,..,..,77.5,1508.37096213963,0.161377801607252
2023,YR2023,France,FRA,2.06122418440949,..,86.8,52082.5872535037,1.20940843980497
2023,YR2023,Germany,DEU,1.53513253215758,..,92.5,138947.387415662,0.464485115196815
2023,YR2023,India,IND,1.72349942158171,..,..,966.082590066802,3.28504639847324
2023,YR2023,Indonesia,IDN,1.95628264361572,..,69.2,2722.38990575723,1.05507286323115
2023,YR2023,Italy,ITA,..,..,87,30239.3103644089,0.525161613373638
2023,YR2023,Japan,JPN,..,..,87,31701.7121806602,0.111846653062437
2023,YR2023,"Korea, Rep.",KOR,..,..,97.4,9728.36049939764,0.410732680413717
2023,YR2023,Mexico,MEX,2.07732748969619,..,81.2,412.117306307005,3.69260172371
2023,YR2023,Netherlands,NLD,1.561367141183,..,97,194962.867894191,0.351795568818046
2023,YR2023,Russian Federation,RUS,..,..,92.2,23603.5969263721,0.126306674820383
2023,YR2023,Saudi Arabia,SAU,1.51347587802945,..,100,425.544149523076,0.0256318852551406
2023,YR2023,Spain,ESP,3.06094054703675,..,95.4,28736.5679302373,0.328883924215546
2023,YR2023,Switzerland,CHE,0.827147927043864,..,97.3,163635.101477899,0.383660034240881
2023,YR2023,Turkiye,TUR,1.4801275195303,..,86,9881.98609883873,0.0920185358925994
2023,YR2023,United Kingdom,GBR,0.975801553144037,..,96.3,47354.4501547626,0.133134579282721
2023,YR2023,United States,USA,0.846592385960373,..,93.1,186692.908896926,0.0279033267150562
2023,YR2023,"Egypt, Arab Rep.",EGY,..,..,72.7,53.3021246846793,4.93326942206534
2023,YR2023,El Salvador,SLV,1.77470500100184,..,67.7,181.785792624093,24.4783735978559
2023,YR2023,Haiti,HTI,..,..,..,7.38996810111676,18.9075125418804
2023,YR2023,Nigeria,NGA,..,..,39.2,47.5989986876815,5.37302360936585
2023,YR2023,Pakistan,PAK,6.62750198888511,..,27.4,113.359557368847,7.86005836362512
2023,YR2023,Philippines,PHL,3.18581223118339,..,83.8,305.497725722229,8.9455180769963
2023,YR2023,Viet Nam,VNM,..,..,78.1,5256.30770476842,3.2268646150333
2023,YR2023,Low income,LIC,..,..,24.4,24.397198380927,3.71272332078923
2023,YR2023,Low & middle income,LMY,..,..,..,1624.62658081846,1.65021224261512
2023,YR2023,Lower middle income,LMC,..,..,50.9,719.200495776564,4.90415009945642
2023,YR2023,High income,HIC,..,..,92.3,81031.8058823093,0.291006844524336
2023,YR2023,South Asia,SAS,..,..,..,894.501005716367,3.75809542512379
2023,YR2023,Middle income,MIC,..,..,..,1789.75700903098,1.62928626075766
2023,YR2023,East Asia & Pacific (excluding high income),EAP,..,..,..,1858.6107209909,0.530108332927129
2023,YR2023,East Asia & Pacific,EAS,..,..,..,5202.01194110577,0.426617396257334
2024,YR2024,Argentina,ARG,..,..,..,5453.43428098629,0.164948724407145
2024,YR2024,Australia,AUS,..,..,..,44282.1708470734,0.107500166534019
2024,YR2024,Brazil,BRA,..,..,..,6941.17408045006,0.224941418439149
2024,YR2024,China,CHN,..,..,..,1413.32103124612,0.16757857471
2024,YR2024,France,FRA,..,..,..,57303.8552251328,1.16571161922638
2024,YR2024,Germany,DEU,..,..,93.5,152124.122644994,0.455479144619276
2024,YR2024,India,IND,..,..,..,1212.44166069372,3.5186704980628
2024,YR2024,Indonesia,IDN,..,..,..,2939.49021766292,1.14863323387459
2024,YR2024,Italy,ITA,..,..,..,30629.849379742,0.469989444275158
2024,YR2024,Japan,JPN,..,..,..,32928.7580837326,0.115349135003813
2024,YR2024,"Korea, Rep.",KOR,..,..,..,11902.38307173,..
2024,YR2024,Mexico,MEX,..,..,..,531.655697865752,3.6507301947413
2024,YR2024,Netherlands,NLD,..,..,..,198674.108827176,0.355028688590887
2024,YR2024,Russian Federation,RUS,..,..,..,26130.0172319629,0.0877632981361672
2024,YR2024,Saudi Arabia,SAU,..,..,..,482.77237461006,0.0260090852845697
2024,YR2024,Spain,ESP,..,..,..,30012.0041870106,0.363664304031814
2024,YR2024,Switzerland,CHE,..,..,..,166829.309653577,0.373890009955756
2024,YR2024,Turkiye,TUR,..,..,87.3,11103.4011629345,0.074210952721995
2024,YR2024,United Kingdom,GBR,..,..,..,68449.1953890157,0.132661425354601
2024,YR2024,United States,USA,..,..,..,196554.134852003,0.026966008780571
2024,YR2024,"Egypt, Arab Rep.",EGY,..,..,..,82.2047640355153,..
2024,YR2024,El Salvador,SLV,..,..,..,191.221693627821,24.0022976620619
2024,YR2024,Haiti,HTI,..,..,..,7.72984152890489,..
2024,YR2024,Nigeria,NGA,..,..,..,98.36277868906,11.3405363247915
2024,YR2024,Pakistan,PAK,..,..,..,109.651337877655,9.3585188653641
2024,YR2024,Philippines,PHL,..,..,..,131.556605552984,8.72571015588727
2024,YR2024,Viet Nam,VNM,..,..,..,5733.7485681175,..
2024,YR2024,Low income,LIC,..,..,26.5,27.9615330891851,..
2024,YR2024,Low & middle income,LMY,..,..,..,1772.73372190908,1.56486617731543
2024,YR2024,Lower middle income,LMC,..,..,54,859.90837956512,5.50745512722944
2024,YR2024,High income,HIC,..,..,93.4,85834.5028617835,0.278867387058114
2024,YR2024,South Asia,SAS,..,..,..,1119.77722708606,4.05620405655914
2024,YR2024,Middle income,MIC,..,..,..,1956.27617919928,1.56370545579321
2024,YR2024,East Asia & Pacific (excluding high income),EAP,..,..,..,1840.30546844187,0.473784715871639
2024,YR2024,East Asia & Pacific,EAS,..,..,..,5321.61215146364,0.393473754486556
,,,,,,,,
,,,,,,,,
,,,,,,,,
Data from database: World Development Indicators,,,,,,,,
Last Updated: 07/01/2025,,,,,,,,
